type,name
floorplan,floorplan022.gif
floorplan,floorplan055.png
floorplan,floorplan068.png
floorplan,floorplan064.jpg
floorplan,floorplan071.png
floorplan,floorplan067.gif
floorplan,floorplan057.png
floorplan,floorplan028.jpg
floorplan,floorplan061.png
floorplan,floorplan054.png
floorplan,floorplan029.jpg
floorplan,floorplan014.png
floorplan,floorplan032.jpg
floorplan,floorplan042.jpg
floorplan,floorplan033.jpg
floorplan,floorplan016.jpg
floorplan,floorplan052.png
floorplan,floorplan002.jpg
floorplan,floorplan060.png
floorplan,floorplan012.jpg
floorplan,floorplan018.png
floorplan,floorplan046.jpg
floorplan,floorplan049.jpg
floorplan,floorplan008.jpg
floorplan,floorplan044.png
floorplan,floorplan007.png
floorplan,floorplan043.png
floorplan,floorplan045.jpg
floorplan,floorplan047.jpg
floorplan,floorplan065.jpeg
floorplan,floorplan024.png
floorplan,floorplan006.jpg
floorplan,floorplan001.jpg
floorplan,floorplan066.jpg
floorplan,floorplan034.jpg
floorplan,floorplan069.jpeg
floorplan,floorplan036.jpg
floorplan,floorplan031.jpg
floorplan,floorplan058.png
floorplan,floorplan056.png
floorplan,floorplan007.jpg
floorplan,floorplan026.png
floorplan,floorplan011.jpg
floorplan,floorplan070.jpeg
floorplan,floorplan017.jpg
floorplan,floorplan009.jpg
floorplan,floorplan041.jpg
floorplan,floorplan038.jpg
floorplan,floorplan019.jpg
floorplan,floorplan020.gif
floorplan,floorplan059.png
floorplan,floorplan013.jpg
floorplan,floorplan037.jpg
floorplan,floorplan048.jpg
floorplan,floorplan039.gif
floorplan,floorplan010.jpg
floorplan,floorplan053.png
floorplan,floorplan015.jpg
floorplan,floorplan062.jpg
floorplan,floorplan035.jpg
floorplan,floorplan051.png
floorplan,floorplan040.gif
floorplan,floorplan025.jpg
floorplan,floorplan023.gif
floorplan,floorplan050.png
floorplan,floorplan027.jpg
floorplan,floorplan004.jpg
floorplan,floorplan005.jpg
floorplan,floorplan063.jpg
floorplan,floorplan003.jpg
floorplan,floorplan021.JPG
floorplan,floorplan030.jpg
bathtub,floorplan001-bathtub01-rot270.png
bathtub,floorplan001-bathtub01-rot90.png
bathtub,floorplan001-bathtub01.png
bathtub,floorplan002-bathtub01-rot270.png
bathtub,floorplan001-bathtub01-rot180.png
bathtub,floorplan002-bathtub01-rot90.png
bathtub,floorplan002-bathtub01.png
bathtub,floorplan002-bathtub01-rot180.png
door,floorplan002-door01-rot180-hormir.png
door,floorplan001-door01-rot90.png
door,floorplan002-door02-rot90.png
door,floorplan001-door01-rot180-hormir.png
door,floorplan001-door01-rot180.png
door,floorplan002-door02-rot90-hormir.png
door,floorplan002-door01-rot90-hormir.png
door,floorplan001-door01.png
door,floorplan002-door01-rot270.png
door,floorplan002-door01-hormir.png
door,floorplan002-door02-rot180.png
door,floorplan001-door01-rot90-hormir.png
door,floorplan002-door02-hormir.png
door,floorplan001-door01-rot270.png
door,floorplan002-door02-rot270.png
door,floorplan001-door01-rot270-hormir.png
door,floorplan002-door01-rot90.png
door,floorplan002-door01-rot270-hormir.png
door,floorplan002-door01-rot180.png
door,floorplan002-door01.png
door,floorplan001-door01-hormir.png
door,floorplan002-door02-rot180-hormir.png
door,floorplan002-door02-rot270-hormir.png
door,floorplan002-door02.png
shower,floorplan001-shower01-rot90.png
shower,floorplan003-shower01-rot180.png
shower,floorplan001-shower01.png
shower,floorplan002-shower01-rot90.png
shower,floorplan001-shower01-rot180.png
shower,floorplan003-shower01.png
shower,floorplan003-shower01-rot270.png
shower,floorplan001-shower01-rot270.png
shower,floorplan002-shower01-rot270.png
shower,floorplan002-shower01-rot180.png
shower,floorplan003-shower01-rot90.png
shower,floorplan002-shower01.png
sink,floorplan002-sink01-rot180.png
sink,floorplan003-sink01-rot270.png
sink,floorplan003-sink01.png
sink,floorplan001-sink02-rot180.png
sink,floorplan001-sink01.png
sink,floorplan003-sink01-rot90.png
sink,floorplan001-sink01-rot270.png
sink,floorplan002-sink02-rot180.png
sink,floorplan001-sink02-rot270.png
sink,floorplan002-sink01-rot270.png
sink,floorplan001-sink01-rot180.png
sink,floorplan002-sink02-rot90.png
sink,floorplan002-sink01.png
sink,floorplan001-sink01-rot90.png
sink,floorplan002-sink02.png
sink,floorplan002-sink01-rot90.png
sink,floorplan001-sink02.png
sink,floorplan001-sink02-rot90.png
sink,floorplan002-sink02-rot270.png
sink,floorplan003-sink01-rot180.png
toilet,floorplan002-toilet01-rot90.png
toilet,floorplan003-toilet01-rot90.png
toilet,floorplan001-toilet01.png
toilet,floorplan003-toilet01-rot270.png
toilet,floorplan002-toilet01-rot180.png
toilet,floorplan001-toilet01-rot180.png
toilet,floorplan002-toilet01.png
toilet,floorplan002-toilet01-rot270.png
toilet,floorplan001-toilet01-rot90.png
toilet,floorplan001-toilet01-rot270.png
toilet,floorplan003-toilet01.png
toilet,floorplan003-toilet01-rot180.png
